{"cameraMode":{"drawMode":0,"name":"Shaded","section":"Shading Mode"},"sceneLighting":false,"audioPlay":false,"sceneViewState":{"showFog":true,"showMaterialUpdate":false,"showSkybox":false,"showFlares":true,"showImageEffects":true,"showParticleSystems":true,"showVisualEffectGraphs":true,"m_FxEnabled":true},"in2DMode":false,"pivot":{"x":-0.017036914825439454,"y":4.634811878204346,"z":0.4040336608886719},"rotation":{"x":0.31655415892601015,"y":0.10105710476636887,"z":-0.03392511233687401,"w":0.9425916075706482},"size":3.866024971008301,"orthographic":false}