{"cameraMode":{"drawMode":0,"name":"Shaded","section":"Shading Mode"},"sceneLighting":false,"audioPlay":false,"sceneViewState":{"showFog":true,"showMaterialUpdate":false,"showSkybox":false,"showFlares":true,"showImageEffects":true,"showParticleSystems":true,"showVisualEffectGraphs":true,"m_FxEnabled":true},"in2DMode":false,"pivot":{"x":-3.5495147705078127,"y":0.477933406829834,"z":39.15115737915039},"rotation":{"x":-0.055337902158498767,"y":0.06913401931524277,"z":-0.0038438544142991306,"w":-0.9960739016532898},"size":33.58195114135742,"orthographic":false}