{"cameraMode":{"drawMode":0,"name":"Shaded","section":"Shading Mode"},"sceneLighting":false,"audioPlay":false,"sceneViewState":{"showFog":true,"showMaterialUpdate":false,"showSkybox":false,"showFlares":true,"showImageEffects":true,"showParticleSystems":true,"showVisualEffectGraphs":true,"m_FxEnabled":true},"in2DMode":false,"pivot":{"x":-0.8150293827056885,"y":1.6664143800735474,"z":0.7094588279724121},"rotation":{"x":0.030639460310339929,"y":0.925143301486969,"z":-0.07649938017129898,"w":0.37058305740356448},"size":4.201932907104492,"orthographic":true}