{"cameraMode":{"drawMode":0,"name":"Shaded","section":"Shading Mode"},"sceneLighting":false,"audioPlay":false,"sceneViewState":{"showFog":true,"showMaterialUpdate":false,"showSkybox":false,"showFlares":true,"showImageEffects":true,"showParticleSystems":true,"showVisualEffectGraphs":true,"m_FxEnabled":true},"in2DMode":false,"pivot":{"x":14.946479797363282,"y":1.5761094093322755,"z":-0.06625175476074219},"rotation":{"x":0.03401551768183708,"y":0.9008404016494751,"z":-0.07176292687654495,"w":0.4268503785133362},"size":19.785133361816408,"orthographic":false}