{"cameraMode":{"drawMode":0,"name":"Shaded","section":"Shading Mode"},"sceneLighting":false,"audioPlay":false,"sceneViewState":{"showFog":true,"showMaterialUpdate":false,"showSkybox":false,"showFlares":true,"showImageEffects":true,"showParticleSystems":true,"showVisualEffectGraphs":true,"m_FxEnabled":true},"in2DMode":false,"pivot":{"x":0.6230077743530273,"y":3.8417458534240724,"z":0.14814841747283936},"rotation":{"x":0.16985948383808137,"y":0.6478021144866943,"z":-0.15133175253868104,"w":0.7270788550376892},"size":4.055005073547363,"orthographic":false}