{"cameraMode":{"drawMode":0,"name":"Shaded","section":"Shading Mode"},"sceneLighting":false,"audioPlay":false,"sceneViewState":{"showFog":true,"showMaterialUpdate":false,"showSkybox":false,"showFlares":true,"showImageEffects":true,"showParticleSystems":true,"showVisualEffectGraphs":true,"m_FxEnabled":true},"in2DMode":false,"pivot":{"x":0.3522663116455078,"y":0.39709949493408205,"z":-0.5360732078552246},"rotation":{"x":-0.14813272655010224,"y":-0.26794368028640749,"z":0.041726429015398028,"w":-0.9511427879333496},"size":12.333319664001465,"orthographic":false}