{"cameraMode":{"drawMode":0,"name":"Shaded","section":"Shading Mode"},"sceneLighting":true,"audioPlay":false,"sceneViewState":{"showFog":true,"showMaterialUpdate":false,"showSkybox":true,"showFlares":true,"showImageEffects":true,"showParticleSystems":true,"showVisualEffectGraphs":true,"m_FxEnabled":true},"in2DMode":false,"pivot":{"x":33.330421447753909,"y":-9.70431137084961,"z":113.34959411621094},"rotation":{"x":-0.37586405873298647,"y":-0.02929162234067917,"z":0.012037304230034352,"w":-0.9262306094169617},"size":37.177146911621097,"orthographic":false}