{"cameraMode":{"drawMode":0,"name":"Shaded","section":"Shading Mode"},"sceneLighting":true,"audioPlay":false,"sceneViewState":{"showFog":true,"showMaterialUpdate":false,"showSkybox":true,"showFlares":true,"showImageEffects":true,"showParticleSystems":true,"showVisualEffectGraphs":true,"m_FxEnabled":true},"in2DMode":false,"pivot":{"x":66.14805603027344,"y":25.619789123535158,"z":133.91305541992188},"rotation":{"x":0.3551250398159027,"y":0.06300576776266098,"z":-0.024149835109710695,"w":0.9324600696563721},"size":79.93253326416016,"orthographic":false}