{"cameraMode":{"drawMode":0,"name":"Shaded","section":"Shading Mode"},"sceneLighting":true,"audioPlay":false,"sceneViewState":{"showFog":true,"showMaterialUpdate":false,"showSkybox":true,"showFlares":true,"showImageEffects":true,"showParticleSystems":true,"showVisualEffectGraphs":true,"m_FxEnabled":true},"in2DMode":false,"pivot":{"x":-2.0211100578308107,"y":-16.17680549621582,"z":24.670251846313478},"rotation":{"x":0.06025400012731552,"y":0.9385660886764526,"z":-0.21726585924625398,"w":0.26164910197257998},"size":10.300000190734864,"orthographic":false}