{"cameraMode":{"drawMode":0,"name":"Shaded","section":"Shading Mode"},"sceneLighting":true,"audioPlay":false,"sceneViewState":{"showFog":true,"showMaterialUpdate":false,"showSkybox":true,"showFlares":true,"showImageEffects":true,"showParticleSystems":true,"showVisualEffectGraphs":true,"m_FxEnabled":true},"in2DMode":false,"pivot":{"x":477.9236755371094,"y":323.204345703125,"z":216.4000244140625},"rotation":{"x":-0.17107145488262177,"y":-0.0008601123699918389,"z":0.00016181988758035004,"w":-0.9853745698928833},"size":427.25250244140627,"orthographic":false}