{"cameraMode":{"drawMode":0,"name":"Shaded","section":"Shading Mode"},"sceneLighting":false,"audioPlay":false,"sceneViewState":{"showFog":true,"showMaterialUpdate":false,"showSkybox":false,"showFlares":true,"showImageEffects":true,"showParticleSystems":true,"showVisualEffectGraphs":true,"m_FxEnabled":true},"in2DMode":false,"pivot":{"x":14.26060676574707,"y":10.263656616210938,"z":-5.107902526855469},"rotation":{"x":-0.19523462653160096,"y":-0.008245379664003849,"z":0.0016383046749979258,"w":-0.9807388782501221},"size":4.632763385772705,"orthographic":false}